<pages>
<link>
<title>Ferrari Wikipedia</title>
<url>https://nl.wikipedia.org/wiki/Ferrari_(automerk)</url>
</link>
<link>
<title>Ferrari.com</title>
<url>https://www.ferrari.com/en-NL</url>
</link>
<link>
<title>Ferrari Autoscout</title>
<url>
https://www.autoscout24.nl/auto/ferrari/
</url>
</link>
<link>
<title>BMW Marktplaats</title>
<url>https://www.marktplaats.nl/z/auto-s/bmw.html?categoryId=96</url>
</link>
<link>
<title>BMW.nl</title>
<url>https://www.bmw.nl/nl/index.html</url>
</link>
<link>
<title>BMW Wikipedia</title>
<url>
https://nl.wikipedia.org/wiki/BMW
</url>
</link>
<link>
<title>Mercedes.nl</title>
<url>
https://www.mercedes-benz.nl/passengercars.html
</url>
</link>
<link>
<title>Mercedes Configurator</title>
<url>
https://www.mercedes-benz.nl/passengercars/configurator.html
</url>
</link>
<link>
<title>Mercedes Wikipedia</title>
<url>
https://nl.wikipedia.org/wiki/Mercedes-Benz
</url>
</link>
<link>
<title>Mercedes Autoscout</title>
<url>
https://www.autoscout24.nl/auto/mercedes-benz/
</url>
</link>
<link>
<title>Lamborghini.com</title>
<url>
https://www.lamborghini.com/en-en
</url>
</link>
<link>
<title>Lamborghini Autoscout</title>
<url>
https://www.autoscout24.nl/auto/lamborghini/
</url>
</link>
<link>
<title>Lamborghini Wikipedia</title>
<url>
https://nl.wikipedia.org/wiki/Lamborghini
</url>
</link>
<link>
<title>BMW Wikipedia</title>
<url>
https://nl.wikipedia.org/wiki/BMW
</url>
</link>
<link>
<title>BMW Wikipedia</title>
<url>
https://nl.wikipedia.org/wiki/BMW
</url>
</link>
<link>
<title>Lamborghini dealer</title>
<url>
https://www.louwmanexclusive.nl/brand/lamborghini/
</url>
</link>
<link>
<title>Lamborghini occasion</title>
<url>
https://www.gaspedaal.nl/lamborghini
</url>
</link>
<link>
<title>Mclaren configurator</title>
<url>
https://cars.mclaren.com/sports-series
</url>
</link>
<link>
<title>Mclaren.com</title>
<url>
https://www.mclaren.com/
</url>
</link>
<link>
<title>Mclaren dealer</title>
<url>
https://www.louwmanexclusive.nl/brand/mclaren/
</url>
</link>
<link>
<title>Mclaren Wikipedia</title>
<url>
https://nl.wikipedia.org/wiki/McLaren_Automotive
</url>
</link>
<link>
<title>Maserati Wikipedia</title>
<url>
https://nl.wikipedia.org/wiki/Maserati
</url>
</link>
<link>
<title>Maserati dealer</title>
<url>
https://www.louwmanexclusive.nl/brand/maserati/
</url>
</link>
<link>
<title>Maserati.com</title>
<url>
https://www.maserati.com/nl/nl
</url>
</link>
<link>
<title>Maserati Autoscout</title>
<url>
https://www.autoscout24.nl/auto/maserati/
</url>
</link>
<link>
<title>AstonMartin.com</title>
<url>
https://www.astonmartin.com/en-us
</url>
</link>
<link>
<title>AstonMartin Autoscout</title>
<url>
https://www.autoscout24.nl/auto/aston-martin/
</url>
</link>
<link>
<title>AstonMartin Wikipedia</title>
<url>
https://nl.wikipedia.org/wiki/Aston_Martin
</url>
</link>
<link>
<title>Bugatti.com</title>
<url>
https://www.bugatti.com/
</url>
</link>
<link>
<title>Bugatti Wikipedia</title>
<url>
https://nl.wikipedia.org/wiki/Bugatti
</url>
</link>
</pages>